字符,ASCII/Unicode,出现次数,频率,Huffman编码,编码长度
[空格],32,1299,0.248565,10,2
a,97,241,0.046116,0010,4
"""",34,232,0.044393,0000,4
s,115,228,0.043628,11111,5
e,101,220,0.042097,11110,5
i,105,211,0.040375,11100,5
t,116,206,0.039418,11011,5
l,108,198,0.037887,11001,5
<,60,192,0.036739,01111,5
>,62,192,0.036739,11000,5
c,99,175,0.033486,01101,5
r,114,162,0.030999,01011,5
n,110,129,0.024684,01000,5
o,111,125,0.023919,00110,5
d,100,119,0.022771,00011,5
=,61,118,0.022579,00010,5
h,104,104,0.019900,111010,6
/,47,103,0.019709,110101,6
[换行],10,101,0.019326,110100,6
-,45,96,0.018370,011101,6
m,109,72,0.013777,010101,6
v,118,68,0.013012,010011,6
f,102,61,0.011672,1110111,7
p,112,46,0.008802,0110011,7
g,103,37,0.007080,0110000,7
.,46,37,0.007080,0110001,7
b,98,33,0.006315,0100101,7
u,117,33,0.006315,0101000,7
k,107,24,0.004592,01110001,8
y,121,21,0.004018,01100100,8
页,39029,12,0.002296,011100001,9
复,22797,12,0.002296,011100100,9
2,50,11,0.002105,011001010,9
j,106,11,0.002105,011001011,9
、,12289,10,0.001914,010100111,9
w,119,9,0.001722,010100101,9
x,120,8,0.001531,1110110110,10
重,37325,8,0.001531,1110110111,10
首,39318,7,0.001339,1110110100,10
1,49,6,0.001148,0111000001,10
，,65292,5,0.000957,0101001101,10
于,20110,4,0.000765,11101101011,11
压,21387,4,0.000765,0011100000,10
缩,32553,4,0.000765,0011100001,10
。,12290,4,0.000765,0011100010,10
个,20010,4,0.000765,0011100011,10
B,66,3,0.000574,01110000001,11
R,82,3,0.000574,01110010100,11
用,29992,3,0.000574,01110010101,11
网,32593,3,0.000574,01110010110,11
测,27979,3,0.000574,01110010111,11
试,35797,3,0.000574,01110011000,11
保,20445,3,0.000574,01110011001,11
组,32452,3,0.000574,01110011010,11
和,21644,3,0.000574,01110011011,11
多,22810,3,0.000574,01110011100,11
文,25991,3,0.000574,01110011101,11
服,26381,3,0.000574,01110011110,11
务,21153,3,0.000574,01110011111,11
产,20135,3,0.000574,11101100000,11
品,21697,3,0.000574,11101100001,11
画,30011,3,0.000574,11101100010,11
廊,24266,3,0.000574,11101100011,11
合,21512,3,0.000574,11101100100,11
与,19982,3,0.000574,11101100101,11
4,52,3,0.000574,11101100110,11
3,51,3,0.000574,11101100111,11
C,67,2,0.000383,111011010101,12
T,84,2,0.000383,00111001000,11
8,56,2,0.000383,00111001001,11
0,48,2,0.000383,00111001010,11
杂,26434,2,0.000383,00111001011,11
留,30041,2,0.000383,00111001100,11
按,25353,2,0.000383,00111001101,11
钮,38062,2,0.000383,00111001110,11
表,34920,2,0.000383,00111001111,11
单,21333,2,0.000383,00111010000,11
段,27573,2,0.000383,00111010001,11
字,23383,2,0.000383,00111010010,11
关,20851,2,0.000383,00111010011,11
博,21338,2,0.000383,00111010100,11
客,23458,2,0.000383,00111010101,11
档,26723,2,0.000383,00111010110,11
套,22871,2,0.000383,00111010111,11
餐,39184,2,0.000383,00111011000,11
q,113,2,0.000383,00111011001,11
问,38382,2,0.000383,00111011010,11
答,31572,2,0.000383,00111011011,11
联,32852,2,0.000383,00111011100,11
系,31995,2,0.000383,00111011101,11
适,36866,2,0.000383,00111011110,11
7,55,2,0.000383,00111011111,11
的,30340,2,0.000383,00111100000,11
本,26412,2,0.000383,00111100001,11
点,28857,2,0.000383,00111100010,11
会,20250,2,0.000383,00111100011,11
渲,28210,2,0.000383,00111100100,11
染,26579,2,0.000383,00111100101,11
结,32467,2,0.000383,00111100110,11
构,26500,2,0.000383,00111100111,11
观,35266,2,0.000383,00111101000,11
览,35272,2,0.000383,00111101001,11
姓,22995,2,0.000383,00111101010,11
名,21517,2,0.000383,00111101011,11
!,33,1,0.000191,001111011000,12
D,68,1,0.000191,001111011001,12
O,79,1,0.000191,001111011010,12
Y,89,1,0.000191,001111011011,12
P,80,1,0.000191,001111011100,12
E,69,1,0.000191,001111011101,12
z,122,1,0.000191,001111011110,12
N,78,1,0.000191,001111011111,12
U,85,1,0.000191,001111100000,12
F,70,1,0.000191,001111100001,12
",",44,1,0.000191,001111100010,12
S,83,1,0.000191,001111100011,12
导,23548,1,0.000191,001111100100,12
航,33322,1,0.000191,001111100101,12
卡,21345,1,0.000191,001111100110,12
片,29255,1,0.000191,001111100111,12
相,30456,1,0.000191,001111101000,12
似,20284,1,0.000191,001111101001,12
说,35828,1,0.000191,001111101010,12
明,26126,1,0.000191,001111101011,12
预,39044,1,0.000191,001111101100,12
处,22788,1,0.000191,001111101101,12
理,29702,1,0.000191,001111101110,12
H,72,1,0.000191,001111101111,12
L,76,1,0.000191,001111110000,12
Z,90,1,0.000191,001111110001,12
进,36827,1,0.000191,001111110010,12
阶,38454,1,0.000191,001111110011,12
样,26679,1,0.000191,001111110100,12
站,31449,1,0.000191,001111110101,12
6,54,1,0.000191,001111110110,12
并,24182,1,0.000191,001111110111,12
完,23436,1,0.000191,001111111000,12
整,25972,1,0.000191,001111111001,12
脚,33050,1,0.000191,001111111010,12
标,26631,1,0.000191,001111111011,12
题,39064,1,0.000191,001111111100,12
描,25551,1,0.000191,001111111101,12
述,36848,1,0.000191,001111111110,12
同,21516,1,0.000191,001111111111,12
时,26102,1,0.000191,010010000000,12
持,25345,1,0.000191,010010000001,12
真,30495,1,0.000191,010010000010,12
实,23454,1,0.000191,010010000011,12
感,24863,1,0.000191,010010000100,12
便,20415,1,0.000191,010010000101,12
察,23519,1,0.000191,010010000110,12
前,21069,1,0.000191,010010000111,12
后,21518,1,0.000191,010010001000,12
效,25928,1,0.000191,010010001001,12
果,26524,1,0.000191,010010001010,12
浏,27983,1,0.000191,010010001011,12
查,26597,1,0.000191,010010001100,12
看,30475,1,0.000191,010010001101,12
横,27178,1,0.000191,010010001110,12
幅,24133,1,0.000191,010010001111,12
核,26680,1,0.000191,010010010000,12
心,24515,1,0.000191,010010010001,12
亮,20142,1,0.000191,010010010010,12
概,27010,1,0.000191,010010010011,12
案,26696,1,0.000191,010010010100,12
例,20363,1,0.000191,010010010101,12
摘,25688,1,0.000191,010010010110,12
要,35201,1,0.000191,010010010111,12
户,25143,1,0.000191,010010011000,12
反,21453,1,0.000191,010010011001,12
馈,39304,1,0.000191,010010011010,12
请,35831,1,0.000191,010010011011,12
输,36755,1,0.000191,010010011100,12
入,20837,1,0.000191,010010011101,12
邮,37038,1,0.000191,010010011110,12
箱,31665,1,0.000191,010010011111,12
@,64,1,0.000191,010100100000,12
订,35746,1,0.000191,010100100001,12
阅,38405,1,0.000191,010100100010,12
通,36890,1,0.000191,010100100011,12
讯,35759,1,0.000191,010100100100,12
地,22320,1,0.000191,010100100101,12
资,36164,1,0.000191,010100100110,12
源,28304,1,0.000191,010100100111,12
面,38754,1,0.000191,010100110000,12
件,20214,1,0.000191,010100110001,12
链,38142,1,0.000191,010100110010,12
路,36335,1,0.000191,010100110011,12
恢,24674,1,0.000191,011100000000,12
校,26657,1,0.000191,011100000001,12
验,39564,1,0.000191,111011010100,12
