sample_name,relative_path,resource_type,original_size,compressed_size,compression_rate,compress_time_ms,decompress_time_ms,strategy,note
benchmark_site_rich,about.html,text,4458,1496,66.44,9.704,2.907,bundle_pre_lz77_huffman_text,文本 bundle 的大小和耗时按原始大小比例估算到单文件
benchmark_site_rich,blog.html,text,15374,5159,66.44,33.466,10.024,bundle_pre_lz77_huffman_text,文本 bundle 的大小和耗时按原始大小比例估算到单文件
benchmark_site_rich,contact.html,text,5754,1931,66.44,12.525,3.752,bundle_pre_lz77_huffman_text,文本 bundle 的大小和耗时按原始大小比例估算到单文件
benchmark_site_rich,docs.html,text,14930,5010,66.44,32.499,9.734,bundle_pre_lz77_huffman_text,文本 bundle 的大小和耗时按原始大小比例估算到单文件
benchmark_site_rich,faq.html,text,17070,5728,66.44,37.158,11.130,bundle_pre_lz77_huffman_text,文本 bundle 的大小和耗时按原始大小比例估算到单文件
benchmark_site_rich,gallery.html,text,4099,1375,66.46,8.923,2.673,bundle_pre_lz77_huffman_text,文本 bundle 的大小和耗时按原始大小比例估算到单文件
benchmark_site_rich,index.html,text,5765,1934,66.45,12.549,3.759,bundle_pre_lz77_huffman_text,文本 bundle 的大小和耗时按原始大小比例估算到单文件
benchmark_site_rich,pricing.html,text,14971,5024,66.44,32.589,9.761,bundle_pre_lz77_huffman_text,文本 bundle 的大小和耗时按原始大小比例估算到单文件
benchmark_site_rich,products.html,text,4375,1468,66.45,9.523,2.852,bundle_pre_lz77_huffman_text,文本 bundle 的大小和耗时按原始大小比例估算到单文件
benchmark_site_rich,services.html,text,4001,1342,66.46,8.709,2.609,bundle_pre_lz77_huffman_text,文本 bundle 的大小和耗时按原始大小比例估算到单文件
benchmark_site_rich,css/animation.css,text,4793,1608,66.45,10.433,3.125,bundle_pre_lz77_huffman_text,文本 bundle 的大小和耗时按原始大小比例估算到单文件
benchmark_site_rich,css/base.css,text,1507,505,66.49,3.280,0.983,bundle_pre_lz77_huffman_text,文本 bundle 的大小和耗时按原始大小比例估算到单文件
benchmark_site_rich,css/components.css,text,2104,706,66.44,4.580,1.372,bundle_pre_lz77_huffman_text,文本 bundle 的大小和耗时按原始大小比例估算到单文件
benchmark_site_rich,css/forms.css,text,6072,2037,66.45,13.217,3.959,bundle_pre_lz77_huffman_text,文本 bundle 的大小和耗时按原始大小比例估算到单文件
benchmark_site_rich,css/layout.css,text,2073,695,66.47,4.512,1.352,bundle_pre_lz77_huffman_text,文本 bundle 的大小和耗时按原始大小比例估算到单文件
benchmark_site_rich,css/reset.css,text,402,134,66.67,0.875,0.262,bundle_pre_lz77_huffman_text,文本 bundle 的大小和耗时按原始大小比例估算到单文件
benchmark_site_rich,css/theme.css,text,1020,342,66.47,2.220,0.665,bundle_pre_lz77_huffman_text,文本 bundle 的大小和耗时按原始大小比例估算到单文件
benchmark_site_rich,js/app.js,text,8072,2708,66.45,17.571,5.263,bundle_pre_lz77_huffman_text,文本 bundle 的大小和耗时按原始大小比例估算到单文件
benchmark_site_rich,js/charts.js,text,6661,2235,66.45,14.500,4.343,bundle_pre_lz77_huffman_text,文本 bundle 的大小和耗时按原始大小比例估算到单文件
benchmark_site_rich,js/data.js,text,2794,937,66.46,6.082,1.822,bundle_pre_lz77_huffman_text,文本 bundle 的大小和耗时按原始大小比例估算到单文件
benchmark_site_rich,js/dom.js,text,3376,1132,66.47,7.349,2.201,bundle_pre_lz77_huffman_text,文本 bundle 的大小和耗时按原始大小比例估算到单文件
benchmark_site_rich,js/gallery.js,text,1856,622,66.49,4.040,1.210,bundle_pre_lz77_huffman_text,文本 bundle 的大小和耗时按原始大小比例估算到单文件
benchmark_site_rich,js/search.js,text,7992,2682,66.44,17.397,5.211,bundle_pre_lz77_huffman_text,文本 bundle 的大小和耗时按原始大小比例估算到单文件
benchmark_site_rich,js/utils.js,text,2893,970,66.47,6.297,1.886,bundle_pre_lz77_huffman_text,文本 bundle 的大小和耗时按原始大小比例估算到单文件
benchmark_site_rich,images/avatar1.jpg,image,6275,3054,51.33,26.954,0.000,jpeg_quality,图片为可控质量压缩，恢复后保证可渲染
benchmark_site_rich,images/avatar2.jpg,image,6267,3085,50.77,1.947,0.000,jpeg_quality,图片为可控质量压缩，恢复后保证可渲染
benchmark_site_rich,images/avatar3.jpg,image,5933,2957,50.16,2.419,0.000,jpeg_quality,图片为可控质量压缩，恢复后保证可渲染
benchmark_site_rich,images/banner.jpg,image,45531,16021,64.81,9.034,0.000,jpeg_quality,图片为可控质量压缩，恢复后保证可渲染
benchmark_site_rich,images/bg.png,image,16224,13740,15.31,65.585,0.000,png_optimize,图片为可控质量压缩，恢复后保证可渲染
benchmark_site_rich,images/card_bg.png,image,14758,11442,22.47,50.271,0.000,png_optimize,图片为可控质量压缩，恢复后保证可渲染
benchmark_site_rich,images/gallery1.jpg,image,48518,15900,67.23,8.616,0.000,jpeg_quality,图片为可控质量压缩，恢复后保证可渲染
benchmark_site_rich,images/gallery2.jpg,image,46707,14176,69.65,8.889,0.000,jpeg_quality,图片为可控质量压缩，恢复后保证可渲染
benchmark_site_rich,images/gallery3.jpg,image,89448,36662,59.01,10.052,0.000,jpeg_quality,图片为可控质量压缩，恢复后保证可渲染
benchmark_site_rich,images/gallery4.jpg,image,76255,29421,61.42,9.246,0.000,jpeg_quality,图片为可控质量压缩，恢复后保证可渲染
benchmark_site_rich,images/hero_pattern.png,image,9714,8054,17.09,47.427,0.000,png_optimize,图片为可控质量压缩，恢复后保证可渲染
benchmark_site_rich,images/logo.png,image,2712,2109,22.23,11.133,0.000,png_optimize,图片为可控质量压缩，恢复后保证可渲染
